{"DPS": [-8.7482, 115.1672], "JKT": [-6.211544, 106.845172], "BKK": [13.7234186, 100.4762319], "HAN": [21.214184, 105.802826], "KUL": [3.139003, 101.686855], "SIN": [1.2894365, 103.8499802], "KMG": [25.101944, 102.92917], "TPE": [25.091075, 121.5598345], "TAS": [41.262714, 69.26619], "ALA": [43.255058, 76.912628], "OVB": [55.00901, 82.667], "TYO": [35.6894875, 139.6917064], "SEL": [37.566535, 126.9779692], "NQZ": [51.02781, 71.4612], "PEN": [5.292961, 100.265175], "LGK": [6.342174, 99.7314], "HKG": [22.2478599, 114.2033843], "ULN": [47.85275, 106.76327], "CTU": [30.581135, 103.9568], "CKG": [29.72034, 106.63408], "DEL": [28.556555, 77.10079], "DXB": [25.2644444, 55.3116667], "SHA": [31.230393, 121.473704], "XMN": [24.536882, 118.1275], "HGH": [30.236935, 120.43236], "IST": [40.976665, 28.815277], "CAN": [23.387861, 113.29734], "BJS": [39.904214, 116.407413], "DOH": [25.267569, 51.558067], "WUX": [31.49289, 120.42438], "URC": [43.90126, 87.47515], "SIA": [34.44104, 108.75874], "SGN": [10.813045, 106.662476], "SZX": [22.543099, 114.057868], "REP": [13.408436, 103.815926], "OSA": [34.6937378, 135.5021651], "NHA": [12.2387911, 109.1967488], "DAD": [16.055399, 108.20298], "BOM": [19.095509, 72.87497], "VTE": [17.975431, 102.56772], "DLI": [11.749689, 108.37603], "HUI": [16.398224, 107.700874], "CCU": [22.64531, 88.43931], "PAR": [48.856614, 2.3522219], "VCL": [15.422222, 108.70389], "VII": [18.7, 105.63333], "PUS": [35.179317, 128.94873], "CNX": [18.769573, 98.96841], "PNH": [11.546111, 104.84778], "CEI": [19.954609, 99.878815], "UBP": [15.246491, 104.87068], "IKT": [52.273308, 104.35607], "MAQ": [16.666668, 98.583336], "UTH": [17.38661, 102.774506], "CSX": [28.193336, 113.21459], "NNT": [18.8, 100.78333], "KKC": [16.46467, 102.78749], "FUK": [33.584286, 130.4439], "KOP": [17.4, 104.75], "MFM": [22.1638446, 113.5549937], "DAC": [23.848648, 90.405876], "SNO": [17.283333, 104.1], "LKO": [26.764257, 80.884186], "RGN": [16.900068, 96.134155], "HYD": [17.385044, 78.486671], "NKG": [31.735737, 118.86652], "BFV": [15.226944, 103.25528], "LPQ": [19.897055, 102.16371], "MDL": [21.940052, 96.0875], "THS": [17.223057, 99.82222], "LOE": [17.45, 101.73333], "KHH": [22.5725, 120.345276], "KTM": [27.699905, 85.35657], "TLV": [32.000454, 34.870743], "KWI": [29.240116, 47.971252], "MCT": [23.588078, 58.29022], "HAK": [19.941612, 110.45717], "VIE": [48.2081743, 16.3738189], "BAH": [26.26918, 50.62605], "FRA": [50.050735, 8.570773], "AUH": [24.4666667, 54.3666667], "MUC": [48.1391265, 11.5801863], "RUH": [24.95929, 46.702877], "THR": [35.6961111, 51.4230556], "AMM": [31.722534, 35.98932], "HKT": [8.107619, 98.306435], "UTP": [12.683333, 101.01667], "USM": [9.555315, 100.0628], "VVO": [43.378574, 132.14075], "KHV": [48.524563, 135.16861], "BLR": [13.198889, 77.70556], "KBR": [6.17057, 102.29092], "MES": [3.561111, 98.672775], "AOR": [6.201171, 100.405266], "DNH": [40.2, 94.683334], "KGF": [49.67526, 73.32836], "PLX": [50.333332, 80.25], "PWQ": [52.183334, 77.066666], "UKK": [50.025723, 82.5056], "DZN": [47.7, 67.73333], "KOV": [53.316666, 69.4], "PPK": [54.783333, 69.183334], "KSN": [53.2, 63.55], "OMS": [54.957455, 73.3167], "DYU": [38.54894, 68.81728], "BAK": [40.4349504, 49.8676232], "SHJ": [25.320873, 55.52029], "DMM": [26.471111, 49.79778], "EVN": [40.15272, 44.39805], "TBS": [41.674065, 44.958958], "BUH": [44.437711, 26.097367], "ANK": [39.91825, 32.85333], "ISU": [35.5608, 45.314716], "WAW": [52.170906, 20.97329], "KXK": [50.4, 136.95], "BQS": [50.416668, 127.4], "NLI": [53.15, 140.73333], "HRB": [45.620853, 126.23644], "UUD": [51.833332, 107.5], "HTA": [52.033333, 113.3], "SKD": [39.696217, 66.99085], "KUT": [42.25, 42.7], "KHI": [24.899986, 67.16828], "ISB": [33.609707, 73.1051], "CLJ": [46.782063, 23.687014], "SOF": [42.688343, 23.41443], "PFO": [34.71155, 32.489105], "DEB": [47.55, 21.7], "LCA": [34.880867, 33.62599], "BUD": [47.4984056, 19.0407578], "VAR": [43.23726, 27.829096], "KRK": [50.075493, 19.793743], "KTW": [50.2648919, 19.0237815], "AYT": [36.89928, 30.80135], "IZM": [38.29, 27.16], "BER": [52.5234051, 13.4113999], "MRV": [44.218105, 43.085815], "IAS": [47.176987, 27.616993], "PRG": [50.0878114, 14.4204598], "AER": [43.44884, 39.941105], "BUS": [41.610832, 41.600555], "MCX": [42.82095, 47.65611], "KIV": [46.935444, 28.934967], "BEG": [44.802416, 20.465601], "VNO": [54.643078, 25.279606], "BOJ": [42.416668, 27.283333], "KUN": [54.9, 23.916668], "TNA": [36.85769, 117.20688], "TAO": [36.265884, 120.38236], "CGQ": [43.902836, 125.217545], "YNT": [37.407326, 121.3711], "TSN": [39.084158, 117.200983], "LYI": [35.047478, 118.40707], "DLC": [38.96102, 121.53999], "SHP": [39.965214, 119.71656], "CGO": [34.52752, 113.84024], "SHE": [41.861084, 123.426926], "HEK": [50.216667, 127.433334], "LHW": [36.033333, 103.86667], "HLD": [49.209873, 119.80654], "ATQ": [31.706741, 74.8073], "FEG": [40.350277, 71.73361], "LHE": [31.520832, 74.40278], "JAI": [26.820772, 75.80151], "IXC": [30.674921, 76.797386], "SKT": [32.533333, 74.5], "PEW": [33.989082, 71.51925], "BGW": [33.255554, 44.225], "GRV": [43.333332, 45.75], "BND": [27.21059, 56.368385], "NJF": [31.993563, 44.389187], "MHD": [36.227173, 59.64165], "SYZ": [29.54613, 52.58997], "CIT": [42.3, 69.6], "OSS": [40.60769, 72.78648], "KBL": [34.56069, 69.21152], "FRU": [43.05358, 74.46945], "EBL": [36.2375, 43.963055], "ASB": [37.984184, 58.366978], "MSQ": [53.9, 27.5666667], "BSR": [30.555555, 47.79139], "UFA": [54.565403, 55.884544], "KUF": [53.50782, 50.14742], "WNZ": [27.91566, 120.84738], "WUH": [30.776598, 114.209625], "JNG": [35.416668, 116.53333], "YIW": [29.344563, 120.02881], "YNZ": [33.43468, 120.20418], "LJG": [26.683332, 100.25], "WEF": [36.641075, 119.11347], "NGB": [29.820415, 121.462395], "HFE": [31.85, 117.28333], "LXA": [29.29305, 90.90051], "HYN": [28.558096, 121.41675], "SJW": [38.274376, 114.69443], "CZX": [31.914116, 119.77976], "DYG": [29.10712, 110.44569], "WEH": [37.18814, 122.23607], "DIG": [27.789722, 99.67778], "\u0417\u0415\u042f": [53.689724, 127.09222], "\u0425\u0420\u041f": [52.9749985, 138.81667], "NZH": [49.57059, 117.33163], "KRL": [41.689896, 86.12434], "DDG": [40.032368, 124.28081], "MDG": [44.534943, 129.58385], "AMD": [23.06639, 72.62417], "IXB": [26.68488, 88.324814], "RAJ": [22.308674, 70.78235], "VNS": [25.449697, 82.85373], "IDR": [22.728651, 75.80944], "AGR": [27.158333, 77.962776], "UDR": [24.61919, 73.891266], "IXL": [34.14035, 77.54746], "DED": [30.316668, 78.03333], "SXR": [34.002308, 74.762634], "DHM": [32.3, 76.26667], "IXJ": [32.68077, 74.84283], "SNW": [18.453876, 94.30038], "NYT": [19.6225, 96.201385], "HEH": [20.743862, 96.79341], "GOI": [15.384534, 73.83983], "PNQ": [18.581388, 73.920555], "IXR": [23.318192, 85.32285], "TZX": [40.99419, 39.78168], "YNJ": [42.885662, 129.43936], "HPH": [20.823315, 106.727325], "KUA": [3.780765, 103.21518], "AKX": [50.249336, 57.211403], "SZF": [41.25738, 36.555058], "VOG": [48.792, 44.354805], "RZV": [41.024825, 40.519914], "NAL": [43.533333, 43.7], "OGZ": [43.2, 44.6], "SCO": [43.86667, 51.1], "STW": [45.333332, 42.00833], "HSA": [43.2955342312473, 68.26164765057479], "CND": [44.35, 28.483334], "GUW": [47.122814, 51.829556], "UGC": [41.584835, 60.63303], "INC": [38.35, 106.35], "KIJ": [37.951992, 139.11325], "SPK": [43.0620958, 141.3543763], "LON": [51.51, 0.06], "GDN": [54.380978, 18.468655], "MAN": [53.4807125, -2.2343765], "HAM": [53.553813, 9.991586], "AMS": [52.3730556, 4.8922222], "WRO": [51.10482, 16.899403], "BRU": [50.8503396, 4.3517103], "DUS": [51.2249429, 6.7756524], "HAJ": [52.3720683, 9.7356861], "LUX": [49.63111, 6.209539], "NUE": [49.45052, 11.08048], "MMB": [43.9, 144.16722], "KUH": [43.04565, 144.19682], "AKJ": [43.67109, 142.45454], "TOY": [36.64245, 137.18945], "KBV": [8.097281, 98.98062], "PKR": [28.197222, 83.986115], "NMA": [40.983334, 71.6], "KWL": [25.133333, 110.316666], "KRY": [45.579889, 84.889207], "KSC": [48.666668, 21.25], "FMO": [52.0920702, 7.6105746], "DRS": [51.13, 13.77], "LEJ": [51.43, 12.24],